<?xml version="1.0" encoding="UTF-8"?>
<OfficeApp xmlns="http://schemas.microsoft.com/office/appforoffice/1.1"
  xmlns:xsi="http://www.w3.org/2001/XMLSchema-instance"
  xmlns:bt="http://schemas.microsoft.com/office/officeappbasictypes/1.0"
  xsi:type="TaskPaneApp">
  <Id>12345678-1234-1234-1234-123456789012</Id>
  <Version>1.0.0.0</Version>
  <ProviderName>InfinitiFlow</ProviderName>
  <DefaultLocale>en-US</DefaultLocale>
  <DisplayName DefaultValue="InfinitiFlow" />
  <Description DefaultValue="AI-powered document assistant for enhanced productivity" />
  <IconUrl DefaultValue="https://localhost:5175/assets/icon-32.png" />
  <HighResolutionIconUrl DefaultValue="https://localhost:5175/assets/icon-64.png" />
  <SupportUrl DefaultValue="https://www.contoso.com/help" />
  <AppDomains>
    <AppDomain>https://localhost:5175</AppDomain>
  </AppDomains>
  <Hosts>
    <Host Name="Document" />
  </Hosts>
  <DefaultSettings>
    <SourceLocation DefaultValue="https://localhost:5175/index.html" />
  </DefaultSettings>
  <Permissions>ReadWriteDocument</Permissions>
</OfficeApp>